PLANO,MES,ANO,1.00.00.00.00.00.00.00,2.01.00.00.00.00.00.00,2.02.00.00.00.00.00.00,2.03.00.00.00.00.00.00,2.03.01.00.00.00.00.00,2.03.01.01.00.00.00.00,2.03.01.01.01.00.00.00,2.03.01.01.01.01.00.00,2.03.01.01.01.02.00.00,2.03.01.01.02.00.00.00,2.03.01.01.02.01.00.00,2.03.01.01.02.02.00.00,2.03.01.01.02.03.00.00,2.03.01.01.03.00.00.00,2.03.02.01.00.00.00.00,3.01.00.00.00.00.00.00,3.02.00.00.00.00.00.00,3.05.00.00.00.00.00.00,solvencia_seca,solvencia_gerencial,solvencia_liquida,resultado_operacional,maturiade_atuarial,solvencia_financeira,risco_legal,provisoes_cd,passivo_integralizar,provisoes_bd,resultado,prov_concedidos_cd,prov_conceder_cd,prov_concedidos_bd,prov_conceder_bd,COMPETENCIA
CONAB,1,2022,20485287.28,626005.61,1263948.13,18595333.54,18079810.19,19228368.36,17842931.0,0.0,17842931.0,3551170.0,0.0,3551170.0,0.0,2165732.64,253242.21,115836.27,94046.99,44394.24,0.9534377570037359,0.94026751784154,0.8276353589681283,1.2316850331945763,0.19902391596985944,1.7037282107593237,0.06797125350191487,0.0,0.11263215887341156,0.8873678411265884,-1148558.169999998,0.0,0.0,17842931.0,3551170.0,2022-01-01
CONAB,1,2023,21020315.84,654368.07,1263948.13,19101999.64,18548129.94,18630976.08,17772434.0,0.0,17772434.0,3001909.0,0.0,3001909.0,0.0,2143366.92,267795.35,124135.75,140144.35,59017.22,1.0099269737240737,0.9955533118799433,0.8805101219366711,0.8857706357766117,0.16890815292941866,1.3068880051175804,0.06616836738669313,0.0,0.11504318994327216,0.8849568100567279,-82846.13999999687,0.0,0.0,17772434.0,3001909.0,2023-01-01
CONAB,2,2022,20620908.62,679192.57,1263948.13,18677767.92,18157058.96,19198460.99,18113103.0,0.0,18113103.0,3297341.0,0.0,3297341.0,0.0,2211983.01,255774.65,240351.39,251286.56,156899.9,0.9590786271665623,0.9457559629106501,0.8305392790758278,0.9564832675492076,0.18204175176390264,1.5808696254984749,0.0676712621879499,0.0,0.11521668383482232,0.8847833161651777,-1041402.0299999975,0.0,0.0,18113103.0,3297341.0,2022-02-01
CONAB,2,2023,21031332.48,666314.5,1263948.13,19101069.85,18544455.82,18706068.29,17840963.0,0.0,17840963.0,3015670.0,0.0,3015670.0,0.0,2150564.71,269767.2,230303.77,279276.44,90279.02,1.0057817991639546,0.99136042553173,0.8763942724812965,0.8246444633854542,0.16903067396081703,1.1479048859259304,0.06617158828933342,0.0,0.11496615305043345,0.8850338469495665,-161612.4699999988,0.0,0.0,17840963.0,3015670.0,2023-02-01
CONAB,3,2022,20926684.94,619175.43,1263948.13,19043561.38,18514494.78,19544350.3,18410270.0,0.0,18410270.0,3340349.0,0.0,3340349.0,0.0,2206268.7,260148.39,439871.18,370357.95,438261.06,0.9606174102395207,0.9473067406083077,0.8344214992912812,1.1876920152517314,0.1814394357062661,2.3710365607110635,0.06637141576509047,0.0,0.11288524131702654,0.8871147586829735,-1029855.5199999996,0.0,0.0,18410270.0,3340349.0,2022-03-01
CONAB,3,2023,21185042.65,679905.43,1263948.13,19241189.09,18680107.18,18779291.44,17877497.0,0.0,17877497.0,3056518.0,0.0,3056518.0,0.0,2154723.56,271493.67,362459.66,419425.65,235650.17,1.0091755011391421,0.9947184237319658,0.8799790808294734,0.8641809579361681,0.17097013077389972,1.4260211076742682,0.06568970992842106,0.0,0.11473934290249238,0.8852606570975077,-99184.26000000164,0.0,0.0,17877497.0,3056518.0,2023-03-01
CONAB,4,2022,21063076.01,627304.25,1263948.13,19171823.63,18636153.67,19855728.3,18619754.0,0.0,18619754.0,3428234.0,0.0,3428234.0,0.0,2192259.7,262853.94,638928.54,497474.6,490684.79,0.9518163889259103,0.9385781971039562,0.828168764275446,1.2843440449019912,0.18411811455726,2.2706954887747037,0.06592738147362145,0.0,0.11040943282851025,0.8895905671714898,-1219574.629999999,0.0,0.0,18619754.0,3428234.0,2022-04-01
CONAB,4,2023,21318278.22,686500.15,1263948.13,19367829.94,18807119.71,18648374.72,17726745.0,0.0,17726745.0,3077515.0,0.0,3077515.0,0.0,2155885.28,272932.61,486679.87,557757.0,378212.78,1.0231482692986127,1.0085125375472936,0.8929053968516567,0.8725661354317382,0.17360857845024566,1.5506621162979577,0.06526018319634212,0.0,0.11560714069563699,0.8843928593043631,158744.9900000021,0.0,0.0,17726745.0,3077515.0,2023-04-01
CONAB,5,2022,21395228.27,778270.56,1263948.13,19353009.58,18812998.51,19860434.04,18629841.0,0.0,18629841.0,3453000.0,0.0,3453000.0,0.0,2222406.96,264036.8,793450.64,673337.79,690053.58,0.9605548031617945,0.9472601893850655,0.8353589612687036,1.1783842401003515,0.1853477976543117,2.2032095064796526,0.06531015885540631,0.0,0.11190122811636195,0.8880987718836381,-1047435.5299999975,0.0,0.0,18629841.0,3453000.0,2022-05-01
CONAB,5,2023,21545104.53,686024.29,1263948.13,19595132.11,19031979.89,18490907.49,17523250.0,0.0,17523250.0,3120949.0,0.0,3120949.0,0.0,2153291.51,273915.17,625815.39,701278.27,608441.27,1.0440750444747373,1.0292615384232828,0.9128101684099661,0.8923923879746053,0.17810331987502317,1.7600098460201827,0.06450316960889323,0.0,0.11645137001331675,0.8835486299866833,541072.4000000022,0.0,0.0,17523250.0,3120949.0,2023-05-01
CONAB,6,2021,20431826.85,743527.82,1434698.27,18253600.76,17758150.54,18192675.59,17125245.0,0.0,17125245.0,3164953.0,0.0,3164953.0,0.0,2097522.41,237379.19,732723.21,760012.71,444210.01,0.9891634488272651,0.9761153851257125,0.8608205017742527,0.9640933636491421,0.18481212969507882,1.5485704443021748,0.07859809628048421,0.0,0.1152948833514598,0.8847051166485402,-434525.05000000075,0.0,0.0,17125245.0,3164953.0,2021-06-01
CONAB,6,2022,21278312.53,791053.34,1263948.13,19223311.06,18680828.07,19885109.02,18620183.0,0.0,18620183.0,3465453.0,0.0,3465453.0,0.0,2200526.98,265673.84,899287.06,835521.47,615867.44,0.9527984931309167,0.9394380514188401,0.8287759988353335,1.0763183141182477,0.1861127251004998,1.81342377712927,0.06575080255711162,0.0,0.11066205258350653,0.8893379474164935,-1204280.9499999993,0.0,0.0,18620183.0,3465453.0,2022-06-01
CONAB,6,2023,21792289.06,697582.82,1263948.13,19830758.11,19266110.71,18351725.77,17326967.0,0.0,17326967.0,3165718.0,0.0,3165718.0,0.0,2140959.23,273641.26,867109.33,904687.19,804413.16,1.064736483908347,1.0498255559972876,0.9331630002882285,0.9584631456979069,0.18270468224473446,1.8476248016731618,0.06373675292638623,0.0,0.11666255570905908,0.883337444290941,914384.9400000013,0.0,0.0,17326967.0,3165718.0,2023-06-01
CONAB,7,2021,20349332.9,753137.76,1263948.13,18332247.01,17833385.26,18306240.22,17197398.0,0.0,17197398.0,3219302.0,0.0,3219302.0,0.0,2110459.78,239800.44,844863.9,922838.88,401801.32,0.9872691215017828,0.9741697391535706,0.858883380259718,0.915505315510764,0.1871970399242955,1.3509023590336808,0.0689467106411196,0.0,0.11528635889385264,0.8847136411061474,-472854.95999999717,0.0,0.0,17197398.0,3219302.0,2021-07-01
CONAB,7,2022,21245004.95,710911.63,1263948.13,19270145.19,18727745.48,19834081.73,18534962.0,0.0,18534962.0,3480600.0,0.0,3480600.0,0.0,2181480.27,264079.77,1019068.24,978804.78,684692.91,0.9575348891133162,0.9442204451377947,0.8342339935492441,1.041135332420424,0.18778565610223533,1.7406547095121458,0.06559100191190619,0.0,0.10998645158855055,0.8900135484114494,-1106336.25,0.0,0.0,18534962.0,3480600.0,2022-07-01
CONAB,8,2021,20345649.69,780313.29,1263948.13,18301388.27,17801243.43,18467386.18,17296303.0,0.0,17296303.0,3291656.0,0.0,3291656.0,0.0,2120572.82,241910.68,987970.29,1052452.47,358276.93,0.9770280392761029,0.9639286933458171,0.8491007041907216,0.9387315039509576,0.19030980204266773,1.2791525112768276,0.06906296458787713,0.0,0.11482798915509547,0.8851720108449045,-666142.75,0.0,0.0,17296303.0,3291656.0,2021-08-01
CONAB,8,2022,21262976.02,726397.81,1263948.13,19272630.08,18726439.23,19676268.11,18432595.0,0.0,18432595.0,3412593.0,0.0,3412593.0,0.0,2168919.89,263261.11,1040940.42,1122130.48,804021.52,0.9651068095757921,0.951727183493842,0.8414969366871471,0.9276465068482945,0.18513904309187068,1.644159901975036,0.06558254502646481,0.0,0.1102302468066949,0.8897697531933051,-949828.879999999,0.0,0.0,18432595.0,3412593.0,2022-08-01
CONAB,9,2021,20341640.04,778388.87,1263948.13,18299303.04,17794836.31,18653839.42,17448566.0,0.0,17448566.0,3343058.0,0.0,3343058.0,0.0,2137784.58,244813.62,1119150.9,1198656.88,369796.55,0.9670743659698555,0.9539503321188125,0.8393474060473067,0.9336707765778643,0.1915949998412477,1.242179872191615,0.06907083440484955,0.0,0.11460292607150575,0.8853970739284942,-859003.1100000031,0.0,0.0,17448566.0,3343058.0,2021-09-01
CONAB,9,2022,21165898.44,731825.46,1263948.13,19170124.85,18621682.19,19258563.68,18076799.0,0.0,18076799.0,3334594.0,0.0,3334594.0,0.0,2152829.32,262418.7,1085188.15,1321415.49,853459.35,0.9805560374998848,0.9669299590258956,0.8551443993252149,0.8212315946137425,0.18446816828576784,1.467099118082837,0.06593322369520195,0.0,0.11178555970068065,0.8882144402993194,-636881.4899999984,0.0,0.0,18076799.0,3334594.0,2022-09-01
CONAB,9,2023,21781800.36,735540.72,1263948.13,19782311.51,19218173.93,18131984.57,17076816.58,0.0,17076816.58,3161358.41,0.0,3161358.41,0.0,2106190.42,270991.87,1096949.22,1344464.07,963763.98,1.0748501205017296,1.0599046042536975,0.9437457573349346,0.8159007328474014,0.18512574607743432,1.5327395101008536,0.06389284332930817,0.0,0.11615884691876284,0.8838411530812371,1086189.3599999994,0.0,0.0,17076816.58,3161358.41,2023-09-01
CONAB,10,2021,20246016.41,789634.24,1263948.13,18192434.04,17687866.15,18848750.66,17604376.0,0.0,17604376.0,3398778.0,0.0,3398778.0,0.0,2154403.34,247653.42,1275692.69,1328270.46,238737.98,0.9515495161205555,0.9384105328283863,0.8241110029093036,0.9604163673112176,0.19306438353736594,1.140152337649668,0.06947658170539119,0.0,0.1142995299190827,0.8857004700809173,-1160884.5100000016,0.0,0.0,17604376.0,3398778.0,2021-10-01
CONAB,10,2022,21235195.65,744560.95,1263948.13,19226686.57,18673352.86,19174712.2,18045328.0,0.0,18045328.0,3283183.0,0.0,3283183.0,0.0,2153798.8,263652.05,1129598.09,1460690.54,1001228.48,0.9876030843372972,0.9738530969972004,0.8615281359998717,0.7733315572783815,0.18194088796834282,1.4587802903139224,0.06573925909689388,0.0,0.11232496099732855,0.8876750390026714,-501359.33999999985,0.0,0.0,18045328.0,3283183.0,2022-10-01
CONAB,10,2023,21732898.74,747945.06,1263948.13,19721005.55,19157047.13,18104195.6,17026944.6,0.0,17026944.6,3175513.92,0.0,3175513.92,0.0,2098262.92,271317.05,1179735.92,1483598.0,959309.59,1.073141530795215,1.0581551123983657,0.9422558497987062,0.7951857039440603,0.1864993394058497,1.441795897540978,0.06409146464643634,0.0,0.11589926259965948,0.8841007374003406,1052851.5299999975,0.0,0.0,17026944.6,3175513.92,2023-10-01
CONAB,11,2021,20485406.04,804272.11,1263948.13,18417185.8,17908262.65,19009487.49,17714325.0,0.0,17714325.0,3456852.0,0.0,3456852.0,0.0,2161689.51,249733.72,1434093.54,1457344.98,431888.45,0.9552070448796723,0.9420697248897792,0.82835337608568,0.9840453425104604,0.19514443818773788,1.2803982691867508,0.06862873316942916,0.0,0.11371634880409918,0.8862836511959008,-1101224.8399999999,0.0,0.0,17714325.0,3456852.0,2021-11-01
CONAB,11,2022,21110657.59,754521.71,1263948.13,19092187.75,18541195.81,19221026.53,18051966.87,0.0,18051966.87,3306448.23,0.0,3306448.23,0.0,2137388.57,264653.93,1235552.44,1600834.91,904263.33,0.9783998638495193,0.9646308838428099,0.8534303417352391,0.7718175261432798,0.1831627685676115,1.3366873477290673,0.06620237274798431,0.0,0.11120054210757076,0.8887994578924292,-679830.7200000025,0.0,0.0,18051966.87,3306448.23,2022-11-01
CONAB,11,2023,21914458.81,762591.6,1263948.13,19887919.08,19321766.36,18077345.68,16974720.51,0.0,16974720.51,3189095.64,0.0,3189095.64,0.0,2086470.47,271588.38,1263757.57,1622731.92,1179412.42,1.0838623704406585,1.0688386836224952,0.9534196112136304,0.778783947258522,0.1878732340907332,1.505590640011568,0.06355356359384383,0.0,0.11541907240886484,0.8845809275911352,1244420.6799999997,0.0,0.0,16974720.51,3189095.64,2023-11-01
CONAB,12,2021,20442153.69,649877.94,1263948.13,18528327.62,18015312.09,19166066.1,17750350.0,0.0,17750350.0,3571413.0,0.0,3571413.0,0.0,2155696.9,251556.79,1564789.98,1586046.32,538765.86,0.9530838923695456,0.9399587790214289,0.8274841121413016,0.9865979071783981,0.20120239882593866,1.3262890329709915,0.0682170650218673,0.0,0.11247466688012725,0.8875253331198727,-1150754.0100000016,0.0,0.0,17750350.0,3571413.0,2021-12-01
CONAB,12,2022,20973230.72,650916.8,1263948.13,19058365.79,18506436.62,18586681.3,17727299.0,0.0,17727299.0,3002229.0,0.0,3002229.0,0.0,2142846.7,266480.05,1334645.83,1738081.75,909483.71,1.0100198290912752,0.9956826784349071,0.880393312602826,0.7678843817329076,0.16935625669765034,1.2911530427150506,0.06631985889698888,0.0,0.11528936583208106,0.884710634167919,-80244.6799999997,0.0,0.0,17727299.0,3002229.0,2022-12-01
CONAB Saldado,1,2022,1461552421.27,5203675.64,158000.0,1456190745.63,1437275282.32,1277863696.2,785537601.2,0.0,785537601.2,492326095.0,0.0,492082111.0,243984.0,0.0,0.0,6874978.88,3852280.15,5692131.72,1.1247485053328021,1.1247485053328021,1.1247485053328021,1.7846518457386855,0.62673778345927,3.262252512969494,0.0001085022690016091,0.0,0.0,1.0,159411586.1199999,0.0,0.0,785537601.2,492326095.0,2022-01-01
CONAB Saldado,1,2023,1532462285.63,6976547.26,422000.0,1525063738.37,1504739766.28,1266793890.0,840077115.0,0.0,840077115.0,426716775.0,0.0,426451896.0,264879.0,0.0,0.0,6787019.49,5489702.14,6024040.71,1.187833141727578,1.187833141727578,1.187833141727578,1.2363183496873658,0.5079495291334059,2.3336530604554806,0.0002767097462110252,0.0,0.0,1.0,237945876.27999997,0.0,0.0,840077115.0,426716775.0,2023-01-01
CONAB Saldado,2,2022,1472252148.71,6378715.4,228913.04,1465644520.27,1446583723.1,1289477694.0,818172284.0,0.0,818172284.0,471305410.0,0.0,471057121.0,248289.0,0.0,0.0,13413468.27,9001738.25,13682454.25,1.1218369498216383,1.1218369498216383,1.1218369498216383,1.4900975675448016,0.576046658163258,3.0100766949094524,0.00015618592150696254,0.0,0.0,1.0,157106029.0999999,0.0,0.0,818172284.0,471305410.0,2022-02-01
CONAB Saldado,2,2023,1534269939.13,7402255.93,422000.0,1526445683.2,1506080396.7,1274831557.0,849229112.0,0.0,849229112.0,425602445.0,0.0,425335272.0,267173.0,0.0,0.0,12142426.94,10959175.73,7478737.27,1.1813956035448219,1.1813956035448219,1.1813956035448219,1.1079689968617739,0.5011632773606565,1.79038685877519,0.0002764592311698445,0.0,0.0,1.0,231248839.70000005,0.0,0.0,849229112.0,425602445.0,2023-02-01
CONAB Saldado,3,2022,1496050794.53,7210380.32,368154.4,1488472259.81,1469066100.04,1306997985.0,846414430.0,0.0,846414430.0,460583555.0,0.0,460329838.0,253717.0,0.0,0.0,21987433.16,14089725.97,32818095.38,1.1240002791894128,1.1240002791894128,1.1240002791894128,1.5605295097162204,0.5441584390285028,3.889751202875949,0.00024733709182258733,0.0,0.0,1.0,162068115.03999996,0.0,0.0,846414430.0,460583555.0,2022-03-01
CONAB Saldado,3,2023,1544679999.5,7823932.92,346432.11,1536509634.47,1515960565.18,1279986494.0,852107667.0,0.0,852107667.0,427878827.0,0.0,427608727.0,270100.0,0.0,0.0,19423338.88,16499621.54,15542871.73,1.1843566883604946,1.1843566883604946,1.1843566883604946,1.1771990547123785,0.5021417404990912,2.1192128877157264,0.00022546692987024286,0.0,0.0,1.0,235974071.18000007,0.0,0.0,852107667.0,427878827.0,2023-03-01
CONAB Saldado,4,2022,1508448125.49,7558678.04,368154.4,1500521293.05,1480855218.53,1318380206.0,857062434.0,0.0,857062434.0,461317772.0,0.0,461061399.0,256373.0,0.0,0.0,34978850.95,18971331.36,36497401.47,1.1232383585482928,1.1232383585482928,1.1232383585482928,1.8437741814868602,0.5382545701448863,3.7675928517438537,0.00024535100015253997,0.0,0.0,1.0,162475012.52999997,0.0,0.0,857062434.0,461317772.0,2022-04-01
CONAB Saldado,4,2023,1554907481.06,7942558.16,170000.0,1546794922.9,1526374119.3,1284531238.0,852730121.0,0.0,852730121.0,431801117.0,0.0,431529567.0,271550.0,0.0,0.0,25926096.87,22095867.27,24873481.48,1.1882732580926147,1.1882732580926147,1.1882732580926147,1.1733459724932536,0.5063748850499442,2.299053380854238,0.00010990467933607929,0.0,0.0,1.0,241842881.29999995,0.0,0.0,852730121.0,431801117.0,2023-04-01
CONAB Saldado,5,2022,1526536764.76,8925320.65,368154.4,1517243289.71,1497386210.4,1317519506.0,858445299.0,0.0,858445299.0,459074207.0,0.0,458816398.0,257809.0,0.0,0.0,43978754.11,26214708.95,51271867.77,1.1365191965514627,1.1365191965514627,1.1365191965514627,1.6776365586923672,0.5347739774855474,3.6334800459419174,0.00024264691265852797,0.0,0.0,1.0,179866704.4000001,0.0,0.0,858445299.0,459074207.0,2022-05-01
CONAB Saldado,5,2023,1570120286.72,8928499.93,170000.0,1561021786.79,1540501870.97,1284594614.0,851996658.0,0.0,851996658.0,432597956.0,0.0,432339911.0,258045.0,0.0,0.0,31773590.91,27784085.07,38841956.91,1.199212462967714,1.199212462967714,1.199212462967714,1.14358960642212,0.5077460714640503,2.5415826233647505,0.00010890302841293376,0.0,0.0,1.0,255907256.97000003,0.0,0.0,851996658.0,432597956.0,2023-05-01
CONAB Saldado,6,2021,1439620774.04,7575251.44,87086.96,1431958435.64,1413289399.57,1208340168.0,747508814.0,0.0,747508814.0,460831354.0,0.0,460603007.0,228347.0,0.0,0.0,41238717.32,26811485.22,33415450.68,1.169612197787999,1.169612197787999,1.169612197787999,1.5380989520579793,0.6164895254332078,2.7844100163579077,6.0816681429078856e-05,0.0,0.0,1.0,204949231.56999993,0.0,0.0,747508814.0,460831354.0,2021-06-01
CONAB Saldado,6,2022,1521528397.57,9308098.76,368154.4,1511852144.41,1491955712.69,1326618602.0,869287447.0,0.0,869287447.0,457331155.0,0.0,457082397.0,248758.0,0.0,0.0,49343687.21,31680091.53,45941819.54,1.1246304781500418,1.1246304781500418,1.1246304781500418,1.5575613840406097,0.5260988831465319,3.007740891776394,0.00024351217237825342,0.0,0.0,1.0,165337110.69000006,0.0,0.0,869287447.0,457331155.0,2022-06-01
CONAB Saldado,6,2023,1580532679.6500003,9235741.31,170000.0,1571126938.34,1550510323.05,1280325458.0,850654913.0,0.0,850654913.0,429670545.0,0.0,429411235.0,259310.0,0.0,0.0,36557802.11,33423018.679999996,49705131.4,1.2110282689153558,1.2110282689153558,1.2110282689153558,1.0937911521401813,0.505105582103421,2.5809438200631134,0.00010820258748768977,0.0,0.0,1.0,270184865.04999995,0.0,0.0,850654913.0,429670545.0,2023-06-01
CONAB Saldado,7,2021,1443489841.26,16990605.41,87086.96,1426412148.89,1407693075.82,1217468544.0,753157076.0,0.0,753157076.0,464311468.0,0.0,464080040.0,231428.0,0.0,0.0,47100166.68,31537843.49,26684035.84,1.1562459521089687,1.1562459521089687,1.1562459521089687,1.493449185735686,0.616486896021674,2.3395449515562294,6.105315358381446e-05,0.0,0.0,1.0,190224531.81999993,0.0,0.0,753157076.0,464311468.0,2021-07-01
CONAB Saldado,7,2022,1528967244.51,9687040.97,368154.4,1518912049.14,1498919239.47,1315104509.0,864613619.0,0.0,864613619.0,450490890.0,0.0,450243021.0,247869.0,0.0,0.0,55783219.77,37168287.8,51954010.03,1.1397719566863715,1.1397719566863715,1.1397719566863715,1.5008283424344344,0.5210314527789088,2.898633113791161,0.00024238032755645534,0.0,0.0,1.0,183814730.47000003,0.0,0.0,864613619.0,450490890.0,2022-07-01
CONAB Saldado,8,2021,1433533035.06,8255447.79,87086.96,1425190500.31,1406530779.31,1224374489.74,756728933.74,0.0,756728933.74,467645556.0,0.0,467418405.0,227151.0,0.0,0.0,55432319.59,36172318.4,21824061.33,1.1487749794661937,1.1487749794661937,1.1487749794661937,1.5324513894027871,0.6179829198399271,2.1357873738057114,6.110548728823081e-05,0.0,0.0,1.0,182156289.56999993,0.0,0.0,756728933.74,467645556.0,2021-08-01
CONAB Saldado,8,2022,1530659747.06,10175501.32,368154.4,1520116091.34,1499941967.65,1308216780.0,865036402.0,0.0,865036402.0,443180378.0,0.0,442943861.0,236517.0,0.0,0.0,54560545.75,42676403.35,59707527.78,1.1465546005685694,1.1465546005685694,1.1465546005685694,1.2784710394298022,0.5123256974797229,2.6775469477326515,0.00024218834475692424,0.0,0.0,1.0,191725187.6500001,0.0,0.0,865036402.0,443180378.0,2022-08-01
CONAB Saldado,9,2021,1434965227.19,8609507.08,87086.96,1426268633.15,1407523560.77,1235686193.0,763057237.0,0.0,763057237.0,472628956.0,0.0,472398830.0,230126.0,0.0,0.0,63000871.11,40851446.56,19927419.43,1.1390623029887654,1.1390623029887654,1.1390623029887654,1.5421943753562883,0.6193886029548266,2.0299964266430615,6.105929694861424e-05,0.0,0.0,1.0,171837367.76999998,0.0,0.0,763057237.0,472628956.0,2021-09-01
CONAB Saldado,9,2022,1528364837.95,10542152.93,422000.0,1517400685.02,1497023692.65,1301266194.0,860131491.0,0.0,860131491.0,441134703.0,0.0,440898669.0,236034.0,0.0,0.0,55157695.47,48159069.87,61728615.18,1.1504361671367604,1.1504361671367604,1.1504361671367604,1.145323105676501,0.5128689132020164,2.42708820925158,0.00027810716323384147,0.0,0.0,1.0,195757498.6500001,0.0,0.0,860131491.0,441134703.0,2022-09-01
CONAB Saldado,9,2023,1586767886.7,10458712.96,170000.0,1576139173.74,1555419713.04,1271504074.2,847062071.45,0.0,847062071.45,424442002.75,0.0,424178037.37,263965.38,0.0,0.0,44187775.71,50525692.8,64087221.91,1.223291175074396,1.223291175074396,1.223291175074396,0.8745605109248498,0.5010754430586658,2.142969084037973,0.00010785849551382523,0.0,0.0,1.0,283915638.8399999,0.0,0.0,847062071.45,424442002.75,2023-09-01
CONAB Saldado,10,2021,1429380651.16,8899366.31,87086.96,1420394197.89,1401830418.17,1247644766.0,770112021.0,0.0,770112021.0,477532745.0,0.0,477299398.0,233347.0,0.0,0.0,72505359.63,45422932.01,9301273.76,1.1235813721756118,1.1235813721756118,1.1235813721756118,1.5962280817547778,0.620082185420139,1.800998521451456,6.131182465358416e-05,0.0,0.0,1.0,154185652.17000008,0.0,0.0,770112021.0,477532745.0,2021-10-01
CONAB Saldado,10,2022,1533887413.9,10692760.97,422000.0,1522772652.93,1502148081.78,1300860831.0,860044369.0,0.0,860044369.0,440816462.0,0.0,440578722.0,237740.0,0.0,0.0,55806491.57,53495340.61,71540478.95,1.1547338854266724,1.1547338854266724,1.1547338854266724,1.0432028459609055,0.5125508379440363,2.380524529199741,0.0002771260694680986,0.0,0.0,1.0,201287250.77999997,0.0,0.0,860044369.0,440816462.0,2022-10-01
CONAB Saldado,10,2023,1585859831.32,10802574.32,230000.0,1574827257.0,1554191809.43,1271274925.24,844932412.0,0.0,844932412.0,426342513.24,0.0,426077365.91,265147.33,0.0,0.0,47374428.68,56068718.57,65275691.1,1.2225457912941915,1.2225457912941915,1.2225457912941915,0.8449351062099724,0.5045877127980267,2.0091438265948587,0.0001460477642723452,0.0,0.0,1.0,282916884.19000006,0.0,0.0,844932412.0,426342513.24,2023-10-01
CONAB Saldado,11,2021,1445249537.7,9402496.11,87086.96,1435759954.63,1417047848.67,1254265196.0,773493748.0,0.0,773493748.0,480771448.0,0.0,480535384.0,236064.0,0.0,0.0,81864108.03,50001000.89,19738024.74,1.1297832812304234,1.1297832812304234,1.1297832812304234,1.6372493864692315,0.6215582856915348,2.0320019791907806,6.065565467205316e-05,0.0,0.0,1.0,162782652.67000008,0.0,0.0,773493748.0,480771448.0,2021-11-01
CONAB Saldado,11,2022,1528597339.03,11015585.19,422000.0,1517159753.84,1496789574.51,1304093150.65,863353415.85,0.0,863353415.85,440739734.8,0.0,440500310.13,239424.67,0.0,0.0,61196699.4,58896014.28,66192437.52,1.147762775813947,1.147762775813947,1.147762775813947,1.0390635113110067,0.5104974703390467,2.1629500481029833,0.0002781513277899041,0.0,0.0,1.0,192696423.8599999,0.0,0.0,863353415.85,440739734.8,2022-11-01
CONAB Saldado,11,2023,1597010972.23,11362625.47,230000.0,1585418346.76,1564648203.62,1270578821.0,842730710.76,0.0,842730710.76,427848110.24,0.0,427581828.87,266281.37,0.0,0.0,50614351.53,61749294.75,78172738.62,1.2314452104502691,1.2314452104502691,1.2314452104502691,0.8196749733728741,0.5076925579870629,2.0856447133754514,0.0001450721195891505,0.0,0.0,1.0,294069382.6199999,0.0,0.0,842730710.76,427848110.24,2023-11-01
CONAB Saldado,12,2021,1453353683.6,5772991.51,87086.96,1447493605.13,1428631364.91,1273582909.0,784519290.0,0.0,784519290.0,489063619.0,0.0,488821250.0,242369.0,0.0,0.0,89365778.69,54529595.55,28348464.98,1.1217419414270737,1.1217419414270737,1.1217419414270737,1.6388491018250364,0.6233927262642579,2.158722111959622,6.016396873282123e-05,0.0,0.0,1.0,155048455.9100001,0.0,0.0,784519290.0,489063619.0,2021-12-01
CONAB Saldado,12,2022,1525007522.64,6873395.26,422000.0,1517712127.38,1497418408.22,1265976665.0,840495312.0,0.0,840495312.0,425481353.0,0.0,425219073.0,262280.0,0.0,0.0,66039141.4,64214431.28,67297246.23,1.1828167529612403,1.1828167529612403,1.1828167529612403,1.0284158885102253,0.5062269199188585,2.076424021394837,0.0002780500942089006,0.0,0.0,1.0,231441743.22000003,0.0,0.0,840495312.0,425481353.0,2022-12-01
ConabPrev Consolidado,1,2022,1115830000.81,4064687.85,0.0,1111765312.96,1053246912.42,1053246912.42,250227559.57,250227559.57,0.0,803019352.85,803019352.85,0.0,0.0,0.0,46023359.79,8408990.2,3040081.36,4760939.14,1.0436966481907402,1.0,1.0,2.766041169371862,3.2091563144760604,4.332097658070572,0.0,1.0000000000000002,0.0,-2.220446049250313e-16,0.0,250227559.57,803019352.85,0.0,0.0,2022-01-01
ConabPrev Consolidado,1,2023,1180006727.03,6189006.32,0.0,1173817720.71,1109278828.36,1109278828.36,297404388.79,297404388.79,0.0,811874439.57,811874439.57,0.0,0.0,0.0,50939900.96,8457210.23,3913598.47,4456958.37,1.0459216381469314,1.0,1.0,2.16098056426315,2.729867043566973,3.2998195136763737,0.0,1.0000000000000002,0.0,-2.220446049250313e-16,0.0,297404388.79,811874439.57,0.0,0.0,2023-01-01
ConabPrev Consolidado,2,2022,1123609619.01,5277070.93,0.0,1118332548.08,1059341535.6,1059341535.6,252029767.28,252029767.28,0.0,807311768.32,807311768.32,0.0,0.0,0.0,46380593.46,16452237.99,9696196.98,9825663.82,1.0437824742081225,1.0,1.0,1.696772252454797,3.2032397483551733,2.7101245843295567,0.0,1.0,0.0,0.0,0.0,252029767.28,807311768.32,0.0,0.0,2022-02-01
ConabPrev Consolidado,2,2023,1182381328.78,4487943.85,0.0,1177893384.93,1113185223.3,1113185223.3,297580896.47,297580896.47,0.0,815604326.83,815604326.83,0.0,0.0,0.0,51082510.5,15913012.18,6602079.74,3738642.17,1.045888599157441,1.0,1.0,2.410302935844274,2.7407818731140337,2.9765854282153823,0.0,1.0000000000000002,0.0,-2.220446049250313e-16,0.0,297580896.47,815604326.83,0.0,0.0,2023-02-01
ConabPrev Consolidado,3,2022,1135836980.48,10801620.14,34000.0,1125001360.34,1063862264.93,1063862264.93,290543592.61,290543592.61,0.0,773318672.32,773318672.32,0.0,0.0,0.0,48249951.17,26038972.8,31077158.0,28043977.07,1.0453535694991256,1.0,1.0,0.837881404728193,2.661627005342481,1.7402797858800345,3.0222185677823946e-05,1.0000000000000002,0.0,-2.220446049250313e-16,0.0,290543592.61,773318672.32,0.0,0.0,2022-03-01
ConabPrev Consolidado,3,2023,1194648593.85,4438126.95,0.0,1190210466.9,1124899554.26,1124899554.26,298286666.6,298286666.6,0.0,826612887.66,826612887.66,0.0,0.0,0.0,51529200.08,24442339.43,9261568.71,10029824.43,1.0458078233606356,1.0,1.0,2.6391144087295766,2.771202940721722,3.7220653368126873,0.0,1.0,0.0,0.0,0.0,298286666.6,826612887.66,0.0,0.0,2023-03-01
ConabPrev Consolidado,4,2022,1135967939.47,8158078.91,34000.0,1127775860.56,1065952196.23,1065952196.23,300169999.76,300169999.76,0.0,765782196.47,765782196.47,0.0,0.0,0.0,48730818.69,38070280.48,41141870.29,28648180.5,1.0457157636734071,1.0,1.0,0.9253415124701663,2.5511616653305755,1.6216681572742375,3.0147834502431375e-05,1.0,0.0,0.0,0.0,300169999.76,765782196.47,0.0,0.0,2022-04-01
ConabPrev Consolidado,4,2023,1209032723.61,4639164.6,0.0,1204393559.01,1138555194.9,1138555194.9,299156011.4,299156011.4,0.0,839399183.5,839399183.5,0.0,0.0,0.0,52172262.75,33556188.72,13443165.76,19396275.5,1.0458232178674327,1.0,1.0,2.496152269419015,2.8058910786106304,3.9389876733915985,0.0,1.0,0.0,0.0,0.0,299156011.4,839399183.5,0.0,0.0,2023-04-01
ConabPrev Consolidado,5,2022,1151480758.37,9194133.4,34000.0,1142252624.97,1079507610.52,1079507610.52,301560076.36,301560076.36,0.0,777947534.16,777947534.16,0.0,0.0,0.0,49483404.97,47672032.36,48027921.08,40240479.98,1.0458388662458469,1.0,1.0,0.9925899620054927,2.5797431263125574,1.8304459231863135,2.9765744684450142e-05,1.0,0.0,0.0,0.0,301560076.36,777947534.16,0.0,0.0,2022-05-01
ConabPrev Consolidado,5,2023,1232716709.48,4491636.18,0.0,1228225073.3,1161386815.18,1161386815.18,301927425.2,301927425.2,0.0,859459389.98,859459389.98,0.0,0.0,0.0,53084245.23,41914060.52,16124440.57,37463281.27,1.0457076355062398,1.0,1.0,2.599411764894489,2.846576091624286,4.922796635666474,0.0,1.0,0.0,0.0,0.0,301927425.2,859459389.98,0.0,0.0,2023-05-01
ConabPrev Consolidado,6,2021,1081447148.12,6929346.42,11000.0,1074506801.7,1017634347.69,1017634347.69,264880852.3,264880852.3,0.0,752753495.39,752753495.39,0.0,0.0,0.0,44603019.75,50037421.61,30514808.54,27401932.46,1.0438301044488598,1.0,1.0,1.6397750470696546,2.8418569664576694,2.5377630657092105,1.0237254880654702e-05,1.0,0.0,0.0,0.0,264880852.3,752753495.39,0.0,0.0,2021-06-01
ConabPrev Consolidado,6,2022,1145159529.33,5434605.73,34000.0,1139690923.6,1077105658.01,1077105658.01,303411482.09,303411482.09,0.0,773694175.92,773694175.92,0.0,0.0,0.0,49284924.67,55388833.72,49944464.32,31839789.05,1.0457568153165737,1.0,1.0,1.1090084651847958,2.5499831799064925,1.7465123303979406,2.9832649621006424e-05,1.0,0.0,0.0,0.0,303411482.09,773694175.92,0.0,0.0,2022-06-01
ConabPrev Consolidado,6,2023,1261468755.23,4773823.27,0.0,1256694931.96,1188897839.08,1188897839.08,303742031.61,303742031.61,0.0,885155807.47,885155807.47,0.0,0.0,0.0,53955078.29,57119208.89,19081754.63,53597303.92,1.0453824344838172,1.0,1.0,2.9933939513192453,2.9141696418443863,5.802218661586469,0.0,1.0,0.0,0.0,0.0,303742031.61,885155807.47,0.0,0.0,2023-06-01
ConabPrev Consolidado,7,2021,1078965769.99,6054439.08,0.0,1072911330.91,1016042767.33,1016042767.33,261558717.24,261558717.24,0.0,754484050.09,754484050.09,0.0,0.0,0.0,44544616.8,57599271.14,33922185.55,21586476.63,1.0438412813242657,1.0,1.0,1.6979823147037767,2.884568551380773,2.3343350814847486,0.0,1.0,0.0,0.0,0.0,261558717.24,754484050.09,0.0,0.0,2021-07-01
ConabPrev Consolidado,7,2022,1155677926.0,6260790.72,34000.0,1149383135.28,1086288718.52,1086288718.52,304911462.74,304911462.74,0.0,781377255.78,781377255.78,0.0,0.0,0.0,49745034.3,63187870.75,54215299.14,37954756.98,1.0457935661596252,1.0,1.0,1.1654988859663056,2.562636539664255,1.8655735435272558,2.9581084806605674e-05,1.0,0.0,0.0,0.0,304911462.74,781377255.78,0.0,0.0,2022-07-01
ConabPrev Consolidado,8,2021,1080857820.33,6038180.29,0.0,1074819640.04,1017908158.51,1017908158.51,259148895.94,259148895.94,0.0,758759262.57,758759262.57,0.0,0.0,0.0,44635149.29,66900764.98,37190714.24,17509435.15,1.0438498787113921,1.0,1.0,1.798856686329668,2.9278892345567753,2.2696579470155394,0.0,1.0,0.0,0.0,0.0,259148895.94,758759262.57,0.0,0.0,2021-08-01
ConabPrev Consolidado,8,2022,1164394912.8,5587670.22,34000.0,1158773242.58,1095106554.6,1095106554.6,309287840.36,309287840.36,0.0,785818714.24,785818714.24,0.0,0.0,0.0,50168120.17,66262510.85,57355054.08,47260793.77,1.0458111769665415,1.0,1.0,1.1553037812077678,2.540735883199724,1.979307777509117,2.934137478381815e-05,1.0,0.0,0.0,0.0,309287840.36,785818714.24,0.0,0.0,2022-08-01
ConabPrev Consolidado,9,2021,1084808644.91,6377460.83,0.0,1078431184.08,1021274174.24,1021274174.24,257086949.52,257086949.52,0.0,764187224.72,764187224.72,0.0,0.0,0.0,44801331.17,75693208.2,40625058.96,15683534.26,1.0438680741176478,1.0,1.0,1.8632147284888518,2.972485480678008,2.249270396135814,0.0,1.0,0.0,0.0,0.0,257086949.52,764187224.72,0.0,0.0,2021-09-01
ConabPrev Consolidado,9,2022,1167943764.92,5573156.99,0.0,1162370607.93,1098418663.09,1098418663.09,311542443.58,311542443.58,0.0,786876219.51,786876219.51,0.0,0.0,0.0,50278202.69,70329509.76,60273638.41,49500570.2,1.045773259668186,1.0,1.0,1.1668369724355587,2.5257432357140144,1.9881009861206422,0.0,1.0,0.0,0.0,0.0,311542443.58,786876219.51,0.0,0.0,2022-09-01
ConabPrev Consolidado,9,2023,1278992672.45,5763882.05,0.0,1273228790.4,1204781646.81,1204781646.81,303513841.51,303513841.51,0.0,901267805.3,901267805.3,0.0,0.0,0.0,54502615.2,76047880.91,28575220.56,60593442.47,1.045238583559362,1.0,1.0,2.661322622176114,2.9694454816826057,4.7818116781667985,0.0,1.0,0.0,0.0,0.0,303513841.51,901267805.3,0.0,0.0,2023-09-01
ConabPrev Consolidado,10,2021,1079919324.95,7156043.74,0.0,1072763281.21,1015974714.17,1015974714.17,252949281.84,252949281.84,0.0,763025432.33,763025432.33,0.0,0.0,0.0,44577850.55,85922351.44,44576013.21,3882404.58,1.0438769291482002,1.0,1.0,1.9275467959688357,3.0165155116457,2.0146430681659426,0.0,1.0000000000000002,0.0,-2.220446049250313e-16,0.0,252949281.84,763025432.33,0.0,0.0,2021-10-01
ConabPrev Consolidado,10,2022,1179108986.25,6493649.49,0.0,1172615336.76,1107984832.1,1107984832.1,311897998.11,311897998.11,0.0,796086833.99,796086833.99,0.0,0.0,0.0,50747460.89,74358657.2,64866509.77,60099721.33,1.0458015844800121,1.0,1.0,1.1463335620130746,2.552394817581473,2.072847437094348,0.0,1.0,0.0,0.0,0.0,311897998.11,796086833.99,0.0,0.0,2022-10-01
ConabPrev Consolidado,10,2023,1278598297.1,7596124.36,0.0,1271002172.74,1202656442.8,1202656442.8,301196764.89,301196764.89,0.0,901459677.91,901459677.91,0.0,0.0,0.0,54430220.3,82789787.17,33388292.24,56467008.98,1.0452583284493755,1.0,1.0,2.479605323174205,2.9929261631984057,4.170827161479284,0.0,1.0,0.0,0.0,0.0,301196764.89,901459677.91,0.0,0.0,2023-10-01
ConabPrev Consolidado,11,2021,1095311440.46,7000839.02,0.0,1088310601.44,1030867377.06,1030867377.06,251005818.96,251005818.96,0.0,779861558.1,779861558.1,0.0,0.0,0.0,45106580.1,96394499.68,47984282.55,12239918.12,1.043755948731875,1.0,1.0,2.0088765436798224,3.1069461310945856,2.2639583635912883,0.0,1.0000000000000002,0.0,-2.220446049250313e-16,0.0,251005818.96,779861558.1,0.0,0.0,2021-11-01
ConabPrev Consolidado,11,2022,1173240547.99,6117117.33,0.0,1167123430.66,1102977525.68,1102977525.68,297164915.72,297164915.72,0.0,805812609.96,805812609.96,0.0,0.0,0.0,50487744.08,81787230.25,68042604.88,50580220.16,1.0457740460748497,1.0,1.0,1.2020002819445263,2.7116680581474397,1.9453613018408593,0.0,1.0,0.0,0.0,0.0,297164915.72,805812609.96,0.0,0.0,2022-11-01
ConabPrev Consolidado,11,2023,1297744085.5,6771094.5,0.0,1290972991.0,1221661250.01,1221661250.01,301989792.8,301989792.8,0.0,919671457.21,919671457.21,0.0,0.0,0.0,55301024.21,89731674.91,41991741.96,78004182.08,1.045267069091,1.0,1.0,2.1368886052756646,3.0453726554230744,3.9944962785725786,0.0,1.0,0.0,0.0,0.0,301989792.8,919671457.21,0.0,0.0,2023-11-01
ConabPrev Consolidado,12,2021,1106194961.2,4597693.15,0.0,1101597268.05,1043489634.92,1043489634.92,250967590.12,250967590.12,0.0,792522044.8,792522044.8,0.0,0.0,0.0,45650789.31,105147862.95,51497090.44,20165829.81,1.043748196227651,1.0,1.0,2.041821432077008,3.1578660990491083,2.433413066433429,0.0,1.0,0.0,0.0,0.0,250967590.12,792522044.8,0.0,0.0,2021-12-01
ConabPrev Consolidado,12,2022,1172308318.92,7505129.12,0.0,1164803189.8,1100644916.62,1100644916.62,297030722.84,297030722.84,0.0,803614193.78,803614193.78,0.0,0.0,0.0,50573242.57,88702236.86,76362529.56,49738027.66,1.0459487358786943,1.0,1.0,1.1615937472357352,2.7054918295871997,1.8129345022708279,0.0,1.0,0.0,0.0,0.0,297030722.84,803614193.78,0.0,0.0,2022-12-01
ConabPrev Submassa 1,1,2022,844040279.89,3620810.05,0.0,840419469.84,811732665.22,811732665.22,248318409.47,248318409.47,0.0,563414255.75,563414255.75,0.0,0.0,0.0,18573798.25,5242794.63,2846520.02,3066138.17,1.0228816691083462,1.0,1.0,1.8418260167374476,2.2689185910642986,2.918979224323179,0.0,1.0,0.0,0.0,0.0,248318409.47,563414255.75,0.0,0.0,2022-01-01
ConabPrev Submassa 1,1,2023,859679621.46,5375169.52,0.0,854304451.94,822773695.07,822773695.07,282676859.65,282676859.65,0.0,540096835.42,540096835.42,0.0,0.0,0.0,20711804.82,4993774.17,3358492.84,2551685.71,1.025173149000878,1.0,1.0,1.4869092798185033,1.9106510383931952,2.246680353202718,0.0,0.9999999999999999,0.0,1.1102230246251565e-16,0.0,282676859.65,540096835.42,0.0,0.0,2023-01-01
ConabPrev Submassa 1,2,2022,847285230.89,4867849.12,0.0,842417381.77,813486984.32,813486984.32,250244341.29,250244341.29,0.0,563242643.03,563242643.03,0.0,0.0,0.0,18742299.95,10105425.96,9324424.57,6604232.19,1.023039458911155,1.0,1.0,1.0837586688740837,2.250770747208531,1.792031028248213,0.0,0.9999999999999999,0.0,1.1102230246251565e-16,0.0,250244341.29,563242643.03,0.0,0.0,2022-02-01
ConabPrev Submassa 1,2,2023,859503681.34,3812227.13,0.0,855691454.21,824074491.71,824074491.71,282063805.65,282063805.65,0.0,542010686.06,542010686.06,0.0,0.0,0.0,20778879.95,9097628.71,5646102.12,2103312.22,1.0252148078347658,1.0,1.0,1.611311399730758,1.921588928473,1.9838360504184436,0.0,0.9999999999999999,0.0,1.1102230246251565e-16,0.0,282063805.65,542010686.06,0.0,0.0,2023-02-01
ConabPrev Submassa 1,3,2022,851566382.65,9304819.04,0.0,842261563.61,812605910.32,812605910.32,281934252.38,281934252.38,0.0,530671657.94,530671657.94,0.0,0.0,0.0,19287854.69,16179927.95,27399515.62,18269301.99,1.0237358040903304,1.0,1.0,0.590518758594025,1.8822532326605843,1.2572933922545013,0.0,0.9999999999999999,0.0,1.1102230246251565e-16,0.0,281934252.38,530671657.94,0.0,0.0,2022-03-01
ConabPrev Submassa 1,3,2023,866315318.07,3761686.01,0.0,862553632.06,830641672.64,830641672.64,282809070.03,282809070.03,0.0,547832602.61,547832602.61,0.0,0.0,0.0,20978980.16,14416193.03,7945130.07,5851056.99,1.0252563540344939,1.0,1.0,1.8144691028324473,1.9371111490585742,2.550902230855485,0.0,1.0,0.0,0.0,0.0,282809070.03,547832602.61,0.0,0.0,2023-03-01
ConabPrev Submassa 1,4,2022,849012761.67,7296387.32,0.0,841716374.35,811679057.68,811679057.68,290040836.74,290040836.74,0.0,521638220.94,521638220.94,0.0,0.0,0.0,19539194.7,24994172.54,37047838.48,18427867.63,1.0240725623201963,1.0,1.0,0.6746459055497372,1.79849922791255,1.1720532681937994,0.0,1.0000000000000002,0.0,-2.220446049250313e-16,0.0,290040836.74,521638220.94,0.0,0.0,2022-04-01
ConabPrev Submassa 1,4,2023,873625565.33,3669929.84,0.0,869955635.49,837843278.92,837843278.92,283882880.25,283882880.25,0.0,553960398.67,553960398.67,0.0,0.0,0.0,21248370.69,19725050.48,11355963.14,11424029.42,1.0253607938675473,1.0,1.0,1.7369773252011453,1.9513695161263602,2.742971205170713,0.0,1.0,0.0,0.0,0.0,283882880.25,553960398.67,0.0,0.0,2023-04-01
ConabPrev Submassa 1,5,2022,857941499.83,8127188.78,0.0,849814311.05,819366404.19,819366404.19,291730866.8,291730866.8,0.0,527635537.39,527635537.39,0.0,0.0,0.0,19842436.29,31340430.09,42998980.48,26023340.18,1.0242168048244735,1.0,1.0,0.7288644926029652,1.8086380203015253,1.334072799625597,0.0,1.0,0.0,0.0,0.0,291730866.8,527635537.39,0.0,0.0,2022-05-01
ConabPrev Submassa 1,5,2023,886614979.42,3701575.83,0.0,882913403.59,850397011.48,850397011.48,286411441.96,286411441.96,0.0,563985569.52,563985569.52,0.0,0.0,0.0,21600973.08,24256842.92,13702886.48,22145495.27,1.025401045380447,1.0,1.0,1.7701995090891245,1.9691446880071426,3.3863185145499357,0.0,1.0,0.0,0.0,0.0,286411441.96,563985569.52,0.0,0.0,2023-05-01
ConabPrev Submassa 1,6,2021,831739331.4,6248917.09,11000.0,825479414.31,797641018.89,797641018.89,262048085.29,262048085.29,0.0,535592933.6,535592933.6,0.0,0.0,0.0,17862989.67,30646751.97,26673964.61,18811964.1,1.0223947731460177,1.0,1.0,1.1489387654998466,2.0438727228526665,1.8541944099100311,1.3325589723148527e-05,1.0,0.0,0.0,0.0,262048085.29,535592933.6,0.0,0.0,2021-06-01
ConabPrev Submassa 1,6,2022,852063662.7,4893408.25,0.0,847170254.45,816723322.79,816723322.79,292462495.92,292462495.92,0.0,524260826.87,524260826.87,0.0,0.0,0.0,19814267.6,35425891.01,44716511.32,20984160.01,1.0242606854085086,1.0,1.0,0.7922328903631474,1.792574549501916,1.2615038462262578,0.0,1.0,0.0,0.0,0.0,292462495.92,524260826.87,0.0,0.0,2022-06-01
ConabPrev Submassa 1,6,2023,899470703.15,4094361.01,0.0,895376342.14,862490163.15,862490163.15,288126866.87,288126866.87,0.0,574363296.28,574363296.28,0.0,0.0,0.0,21908071.26,29662478.57,16298911.36,31736134.35,1.025400952029397,1.0,1.0,1.819905508707546,1.9934388712842492,3.7670376606060643,0.0,1.0,0.0,0.0,0.0,288126866.87,574363296.28,0.0,0.0,2023-06-01
ConabPrev Submassa 1,7,2021,827859844.67,5438931.34,0.0,822420913.33,794571535.2,794571535.2,258873502.0,258873502.0,0.0,535698033.2,535698033.2,0.0,0.0,0.0,17841370.26,35084350.12,29797959.46,14396257.7,1.022454076781783,1.0,1.0,1.1774078076418726,2.0693428607459405,1.6605367856286086,0.0,1.0,0.0,0.0,0.0,258873502.0,535698033.2,0.0,0.0,2021-07-01
ConabPrev Submassa 1,7,2022,857375716.27,5586629.65,0.0,851789086.62,821128371.27,821128371.27,293342627.25,293342627.25,0.0,527785744.02,527785744.02,0.0,0.0,0.0,20002876.86,40149450.62,48593246.79,24730993.61,1.0243602310672355,1.0,1.0,0.8262351925877558,1.7992125759826814,1.3351740934370275,0.0,1.0,0.0,0.0,0.0,293342627.25,527785744.02,0.0,0.0,2022-07-01
ConabPrev Submassa 1,8,2021,827741426.99,5529705.59,0.0,822211721.4,794351490.03,794351490.03,256615978.1,256615978.1,0.0,537735511.93,537735511.93,0.0,0.0,0.0,17883244.29,41105864.04,32899265.36,11297878.54,1.022513011575423,1.0,1.0,1.2494462593677806,2.0954872565279286,1.5928544910219844,0.0,1.0,0.0,0.0,0.0,256615978.1,537735511.93,0.0,0.0,2021-08-01
ConabPrev Submassa 1,8,2022,859961861.76,4664648.51,0.0,855297213.25,824436572.23,824436572.23,296506989.87,296506989.87,0.0,527929582.36,527929582.36,0.0,0.0,0.0,20112327.59,40129011.22,50803537.5,30379375.41,1.0243952394489229,1.0,1.0,0.7898861613721289,1.7804962459450433,1.3878637216945768,0.0,1.0,0.0,0.0,0.0,296506989.87,527929582.36,0.0,0.0,2022-08-01
ConabPrev Submassa 1,9,2021,828709741.62,5738602.16,0.0,822971139.46,794999776.62,794999776.62,254648639.17,254648639.17,0.0,540351137.45,540351137.45,0.0,0.0,0.0,17944531.26,46642180.17,35975835.09,9547705.7,1.0225717437761963,1.0,1.0,1.2964863790740708,2.121947869861849,1.5618785701410662,0.0,1.0,0.0,0.0,0.0,254648639.17,540351137.45,0.0,0.0,2021-09-01
ConabPrev Submassa 1,9,2022,860154856.3,4828805.0,0.0,855326051.3,824318813.42,824318813.42,298128642.08,298128642.08,0.0,526190171.34,526190171.34,0.0,0.0,0.0,20150996.55,41227826.1,53391778.17,31789711.35,1.0244456346524422,1.0,1.0,0.7721755579806717,1.7649769162360518,1.3675801771859213,0.0,1.0,0.0,0.0,0.0,298128642.08,526190171.34,0.0,0.0,2022-09-01
ConabPrev Submassa 1,9,2023,904563110.89,4862673.82,0.0,899700437.07,866535414.58,866535414.58,287901872.47,287901872.47,0.0,578633542.11,578633542.11,0.0,0.0,0.0,22128626.83,37161806.42,24077104.16,36280806.3,1.0255368983860003,1.0,1.0,1.5434500001764333,2.009829033572176,3.0503092162558474,0.0,1.0,0.0,0.0,0.0,287901872.47,578633542.11,0.0,0.0,2023-09-01
ConabPrev Submassa 1,10,2021,824911573.07,6541572.82,0.0,818370000.25,790535931.0,790535931.0,250645542.9,250645542.9,0.0,539890388.1,539890388.1,0.0,0.0,0.0,17903986.01,53366715.48,39668750.57,2011695.0,1.022647909232098,1.0,1.0,1.3453087055471633,2.15399955592029,1.3960210413554246,0.0,1.0,0.0,0.0,0.0,250645542.9,539890388.1,0.0,0.0,2021-10-01
ConabPrev Submassa 1,10,2022,864624892.52,5633972.17,0.0,858990920.35,827690524.01,827690524.01,298398367.82,298398367.82,0.0,529292156.19,529292156.19,0.0,0.0,0.0,20315537.83,42289153.64,57318411.75,38191269.26,1.0245448476703287,1.0,1.0,0.7377935352509135,1.773776981612982,1.4040937360760002,0.0,1.0,0.0,0.0,0.0,298398367.82,529292156.19,0.0,0.0,2022-10-01
ConabPrev Submassa 1,10,2023,902592380.93,6718225.88,0.0,895874155.05,862739561.03,862739561.03,285892773.94,285892773.94,0.0,576846787.09,576846787.09,0.0,0.0,0.0,22115402.14,40045229.7,28398661.93,33909862.55,1.0256339260872622,1.0,1.0,1.4101097368146318,2.0177032778417208,2.604175240097307,0.0,1.0,0.0,0.0,0.0,285892773.94,576846787.09,0.0,0.0,2023-10-01
ConabPrev Submassa 1,11,2021,833894594.26,6435188.96,0.0,827459405.3,799254615.64,799254615.64,248955249.33,248955249.33,0.0,550299366.31,550299366.31,0.0,0.0,0.0,18196606.68,60106260.05,42759033.75,7373738.92,1.022766971030163,1.0,1.0,1.405697341091109,2.2104348785213057,1.5781460208978646,0.0,1.0,0.0,0.0,0.0,248955249.33,550299366.31,0.0,0.0,2021-11-01
ConabPrev Submassa 1,11,2022,860100927.77,5006011.8,0.0,855094915.97,823762103.96,823762103.96,283447825.45,283447825.45,0.0,540314278.51,540314278.51,0.0,0.0,0.0,20483310.16,46417200.69,59529210.35,32513373.09,1.024865565023606,1.0,1.0,0.7797382229176503,1.9062212865884591,1.3259133342426404,0.0,1.0,0.0,0.0,0.0,283447825.45,540314278.51,0.0,0.0,2022-11-01
ConabPrev Submassa 1,11,2023,910029700.94,5884466.66,0.0,904145234.28,870545054.65,870545054.65,286303757.58,286303757.58,0.0,584241297.07,584241297.07,0.0,0.0,0.0,22540693.5,42990855.2,35646723.04,46443083.14,1.0258926213865662,1.0,1.0,1.206025450130689,2.040634401756845,2.508896490699696,0.0,1.0000000000000002,0.0,-2.220446049250313e-16,0.0,286303757.58,584241297.07,0.0,0.0,2023-11-01
ConabPrev Submassa 1,12,2021,838996638.06,4066614.83,0.0,834930023.23,806435539.54,806435539.54,248940355.41,248940355.41,0.0,557495184.13,557495184.13,0.0,0.0,0.0,18408511.15,65591422.68,45891064.97,12413435.88,1.0228270087904365,1.0,1.0,1.4292852589687897,2.239472917967905,1.699783141031778,0.0,1.0,0.0,0.0,0.0,248940355.41,557495184.13,0.0,0.0,2021-12-01
ConabPrev Submassa 1,12,2022,857064787.24,6958075.55,0.0,850106711.69,818748925.44,818748925.44,282200191.6,282200191.6,0.0,536548733.84,536548733.84,0.0,0.0,0.0,20549607.41,50167640.59,67694494.47,31981336.04,1.0250987900826332,1.0,1.0,0.7410889317185562,1.9013053492200391,1.213525224956156,0.0,1.0,0.0,0.0,0.0,282200191.6,536548733.84,0.0,0.0,2022-12-01
ConabPrev Submassa 2,1,2022,271789720.92,443877.8,0.0,271345843.12,241514247.2,241514247.2,1909150.1,1909150.1,0.0,239605097.1,239605097.1,0.0,0.0,0.0,27449561.54,3166195.57,193561.34,1694800.97,1.1136560756072862,1.0,1.0,16.357582407726667,125.50354060689098,25.11346811300232,0.0,1.0,0.0,0.0,0.0,1909150.1,239605097.1,0.0,0.0,2022-01-01
ConabPrev Submassa 2,1,2023,320327105.57,813836.8,0.0,319513268.77,286505133.29,286505133.29,14727529.14,14727529.14,0.0,271777604.15,271777604.15,0.0,0.0,0.0,30228096.14,3463436.06,555105.63,1905272.66,1.1055062985883857,1.0,1.0,6.239237854604357,18.453713556868912,9.671508321758509,0.0,0.9999999999999998,0.0,2.220446049250313e-16,0.0,14727529.14,271777604.15,0.0,0.0,2023-01-01
ConabPrev Submassa 2,2,2022,276324388.12,409221.81,0.0,275915166.31,245854551.28,245854551.28,1785425.99,1785425.99,0.0,244069125.29,244069125.29,0.0,0.0,0.0,27638293.51,6346812.03,371772.41,3221431.63,1.1124172538848922,1.0,1.0,17.071767186811954,136.7007799018317,25.736830928362867,0.0,1.0,0.0,0.0,0.0,1785425.99,244069125.29,0.0,0.0,2022-02-01
ConabPrev Submassa 2,2,2023,322877647.44,675716.72,0.0,322201930.72,289110731.59,289110731.59,15517090.82,15517090.82,0.0,273593640.77,273593640.77,0.0,0.0,0.0,30303630.55,6815383.47,955977.62,1635329.95,1.1048166921488576,1.0,1.0,7.129229102664558,17.63176125884143,8.8398653307386,0.0,1.0,0.0,0.0,0.0,15517090.82,273593640.77,0.0,0.0,2023-02-01
ConabPrev Submassa 2,3,2022,284270597.83,1496801.1,34000.0,282739796.73,251256354.61,251256354.61,8609340.23,8609340.23,0.0,242647014.38,242647014.38,0.0,0.0,0.0,28962096.48,9859044.85,3677642.38,9774675.08,1.1152691104069983,1.0,1.0,2.6808057530596545,28.184159052568884,5.338670240688275,0.00012025190791400339,0.9999999999999999,0.0,1.1102230246251565e-16,0.0,8609340.23,242647014.38,0.0,0.0,2022-03-01
ConabPrev Submassa 2,3,2023,328333275.78,676440.94,0.0,327656834.84,294257881.62,294257881.62,15477596.57,15477596.57,0.0,278780285.05,278780285.05,0.0,0.0,0.0,30550219.92,10026146.4,1316438.64,4178767.44,1.103821246016622,1.0,1.0,7.616113729387343,18.011858868989762,10.790410892223584,0.0,1.0,0.0,0.0,0.0,15477596.57,278780285.05,0.0,0.0,2023-03-01
ConabPrev Submassa 2,4,2022,286955177.8,861691.59,34000.0,286059486.21,254273138.55,254273138.55,10129163.02,10129163.02,0.0,244143975.53,244143975.53,0.0,0.0,0.0,29191623.99,13076107.94,4094031.81,10220312.87,1.114804198966773,1.0,1.0,3.1939439034304913,24.103074957717485,5.690337029892301,0.0001188563974943315,1.0,0.0,0.0,0.0,10129163.02,244143975.53,0.0,0.0,2022-04-01
ConabPrev Submassa 2,4,2023,335407158.28,969234.76,0.0,334437923.52,300711915.98,300711915.98,15273131.15,15273131.15,0.0,285438784.83,285438784.83,0.0,0.0,0.0,30923892.06,13831138.24,2087202.62,7972246.08,1.1028356058296562,1.0,1.0,6.626638979592695,18.688950027774755,10.446223146270293,0.0,0.9999999999999998,0.0,2.220446049250313e-16,0.0,15273131.15,285438784.83,0.0,0.0,2023-04-01
ConabPrev Submassa 2,5,2022,293539258.54,1066944.62,34000.0,292438313.92,260141206.33,260141206.33,9829209.56,9829209.56,0.0,250311996.77,250311996.77,0.0,0.0,0.0,29640968.68,16331602.27,5028940.6,14217139.8,1.113941843732358,1.0,1.0,3.247523398864564,25.4661369504874,6.07458796987978,0.0001162638354196677,1.0,0.0,0.0,0.0,9829209.56,250311996.77,0.0,0.0,2022-05-01
ConabPrev Submassa 2,5,2023,346101730.06,790060.35,0.0,345311669.71,310989803.7,310989803.7,15515983.24,15515983.24,0.0,295473820.46,295473820.46,0.0,0.0,0.0,31483272.15,17657217.6,2421554.09,15317786.0,1.101235705400717,1.0,1.0,7.291688289316719,19.043190230978876,13.617289713317948,0.0,1.0,0.0,0.0,0.0,15515983.24,295473820.46,0.0,0.0,2023-05-01
ConabPrev Submassa 2,6,2021,249707816.72,680429.33,0.0,249027387.39,219993328.8,219993328.8,2832767.01,2832767.01,0.0,217160561.79,217160561.79,0.0,0.0,0.0,26740030.08,19390669.64,3840843.93,8589968.36,1.1215492770888058,1.0,1.0,5.048544016210521,76.66022691714417,7.28502342452639,0.0,0.9999999999999999,0.0,1.1102230246251565e-16,0.0,2832767.01,217160561.79,0.0,0.0,2021-06-01
ConabPrev Submassa 2,6,2022,293095866.63,541197.48,34000.0,292520669.15,260382335.22,260382335.22,10948986.17,10948986.17,0.0,249433349.05,249433349.05,0.0,0.0,0.0,29470657.07,19962942.71,5227953.0,10855629.04,1.1131822442759027,1.0,1.0,3.8185007994524818,22.78141055045282,5.89495960464832,0.00011623110291247603,1.0,0.0,0.0,0.0,10948986.17,249433349.05,0.0,0.0,2022-06-01
ConabPrev Submassa 2,6,2023,361998052.08,679462.26,0.0,361318589.82,326407675.93,326407675.93,15615164.74,15615164.74,0.0,310792511.19,310792511.19,0.0,0.0,0.0,32047007.03,27456730.32,2782843.27,21861169.57,1.0981809234071833,1.0,1.0,9.866430717098918,19.903248948368123,17.722126294953004,0.0,1.0,0.0,0.0,0.0,15615164.74,310792511.19,0.0,0.0,2023-06-01
ConabPrev Submassa 2,7,2021,251105925.32,615507.74,0.0,250490417.58,221471232.13,221471232.13,2685215.24,2685215.24,0.0,218786016.89,218786016.89,0.0,0.0,0.0,26703246.54,22514921.02,4124226.09,7190218.93,1.1205720773898329,1.0,1.0,5.459186894382893,81.47801845858731,7.2025973605147335,0.0,1.0,0.0,0.0,0.0,2685215.24,218786016.89,0.0,0.0,2021-07-01
ConabPrev Submassa 2,7,2022,298302209.73,674161.07,34000.0,297594048.66,265160347.25,265160347.25,11568835.49,11568835.49,0.0,253591511.76,253591511.76,0.0,0.0,0.0,29742157.44,23038420.13,5622052.35,13223763.37,1.1121666861144903,1.0,1.0,4.0978665255580555,21.920228010779674,6.449990366952027,0.00011424959656651218,1.0,0.0,0.0,0.0,11568835.49,253591511.76,0.0,0.0,2022-07-01
ConabPrev Submassa 2,8,2021,253116393.34,508474.7,0.0,252607918.64,223556668.48,223556668.48,2532917.84,2532917.84,0.0,221023750.64,221023750.64,0.0,0.0,0.0,26751905.0,25794900.94,4291448.88,6211556.61,1.1196649832988244,1.0,1.0,6.010767379803905,87.26052900318314,7.458193828001512,0.0,1.0,0.0,0.0,0.0,2532917.84,221023750.64,0.0,0.0,2021-08-01
ConabPrev Submassa 2,8,2022,304433051.04,923021.71,34000.0,303476029.33,270669982.37,270669982.37,12780850.49,12780850.49,0.0,257889131.88,257889131.88,0.0,0.0,0.0,30055792.58,26133499.63,6551516.58,16881418.36,1.111042208363225,1.0,1.0,3.988923680629684,20.177775499508247,6.565642849979629,0.00011203520777263229,1.0,0.0,0.0,0.0,12780850.49,257889131.88,0.0,0.0,2022-08-01
ConabPrev Submassa 2,9,2021,256098903.29,638858.67,0.0,255460044.62,226274397.62,226274397.62,2438310.35,2438310.35,0.0,223836087.27,223836087.27,0.0,0.0,0.0,26856799.91,29051028.03,4649223.87,6135828.56,1.1186912889504304,1.0,1.0,6.2485758574581185,91.79967073100437,7.5683291607121514,0.0,1.0,0.0,0.0,0.0,2438310.35,223836087.27,0.0,0.0,2021-09-01
ConabPrev Submassa 2,9,2022,307788908.62,744351.99,0.0,307044556.63,274099849.67,274099849.67,13413801.5,13413801.5,0.0,260686048.17,260686048.17,0.0,0.0,0.0,30127206.14,29101683.66,6881860.24,17710858.85,1.1099132530582245,1.0,1.0,4.228752494979468,19.434166233189003,6.8023093869165825,0.0,0.9999999999999998,0.0,2.220446049250313e-16,0.0,13413801.5,260686048.17,0.0,0.0,2022-09-01
ConabPrev Submassa 2,9,2023,374429561.56,901208.23,0.0,373528353.33,338246232.23,338246232.23,15611969.04,15611969.04,0.0,322634263.19,322634263.19,0.0,0.0,0.0,32373988.37,38886074.49,4498116.4,24312636.17,1.0957113052126666,1.0,1.0,8.644968478361298,20.665827760954873,14.050038958529397,0.0,1.0,0.0,0.0,0.0,15611969.04,322634263.19,0.0,0.0,2023-09-01
ConabPrev Submassa 2,10,2021,255007751.88,614470.92,0.0,254393280.96,225438783.17,225438783.17,2303738.94,2303738.94,0.0,223135044.23,223135044.23,0.0,0.0,0.0,26673864.54,32555635.96,4907262.64,1870709.58,1.1183197680759553,1.0,1.0,6.6341743550942285,96.85778208445788,7.015386798208951,0.0,1.0,0.0,0.0,0.0,2303738.94,223135044.23,0.0,0.0,2021-10-01
ConabPrev Submassa 2,10,2022,314484093.73,859677.32,0.0,313624416.41,280294308.09,280294308.09,13499630.29,13499630.29,0.0,266794677.8,266794677.8,0.0,0.0,0.0,30431923.06,32069503.56,7548098.02,21908452.07,1.1085713201504919,1.0,1.0,4.248686685708939,19.763109956991276,7.151199611740071,0.0,1.0000000000000002,0.0,-2.220446049250313e-16,0.0,13499630.29,266794677.8,0.0,0.0,2022-10-01
ConabPrev Submassa 2,10,2023,376005916.17,877898.48,0.0,375128017.69,339916881.77,339916881.77,15303990.95,15303990.95,0.0,324612890.82,324612890.82,0.0,0.0,0.0,32314818.16,42744557.47,4989630.31,22557146.43,1.095066823370854,1.0,1.0,8.56667825356384,21.21099599970686,13.08748340916664,0.0,1.0,0.0,0.0,0.0,15303990.95,324612890.82,0.0,0.0,2023-10-01
ConabPrev Submassa 2,11,2021,261416846.2,565650.06,0.0,260851196.14,231612761.42,231612761.42,2050569.63,2050569.63,0.0,229562191.79,229562191.79,0.0,0.0,0.0,26909973.42,36288239.63,5225248.8,4866179.2,1.1161851931431455,1.0,1.0,6.9447869410543674,111.95044949046671,7.876068758678057,0.0,1.0,0.0,0.0,0.0,2050569.63,229562191.79,0.0,0.0,2021-11-01
ConabPrev Submassa 2,11,2022,313139620.22,1111105.53,0.0,312028514.69,279215421.72,279215421.72,13717090.27,13717090.27,0.0,265498331.45,265498331.45,0.0,0.0,0.0,30004433.92,35370029.56,8513394.53,18066847.07,1.1074598019520883,1.0,1.0,4.154632965189269,19.35529519920554,6.27680021661113,0.0,0.9999999999999998,0.0,2.220446049250313e-16,0.0,13717090.27,265498331.45,0.0,0.0,2022-11-01
ConabPrev Submassa 2,11,2023,387714384.56,886627.84,0.0,386827756.72,351116195.36,351116195.36,15686035.22,15686035.22,0.0,335430160.14,335430160.14,0.0,0.0,0.0,32760330.71,46740819.71,6345018.92,31561098.94,1.0933033882883436,1.0,1.0,7.366537483863011,21.38399891594786,12.340691121217336,0.0,1.0,0.0,0.0,0.0,15686035.22,335430160.14,0.0,0.0,2023-11-01
ConabPrev Submassa 2,12,2021,267198323.14,531078.32,0.0,266667244.82,237054095.38,237054095.38,2027234.71,2027234.71,0.0,235026860.67,235026860.67,0.0,0.0,0.0,27242278.16,39556440.27,5606025.47,7752393.93,1.114920090776455,1.0,1.0,7.056057893721985,115.93470628272736,8.43892601865043,0.0,1.0,0.0,0.0,0.0,2027234.71,235026860.67,0.0,0.0,2021-12-01
ConabPrev Submassa 2,12,2022,315243531.68,547053.57,0.0,314696478.11,281895991.18,281895991.18,14830531.24,14830531.24,0.0,267065459.94,267065459.94,0.0,0.0,0.0,30023635.16,38534596.27,8668035.09,17756691.62,1.1065060735142875,1.0,1.0,4.445597631977284,18.00781479895254,6.494123213107574,0.0,1.0,0.0,0.0,0.0,14830531.24,267065459.94,0.0,0.0,2022-12-01
